TextColumn1,TextColumn2,IntegerColumn,FloatColumn,Category1,Category2,BinaryColumn,SmallIntColumn,ProbabilityColumn,GaussianColumn
Professional rock hotel.,Final activity suggest accept usually.,495,72.42,D,Z,0,42,0.941,43.49
Next investment meeting easy green enter.,Middle animal close child toward plant third lead music.,813,17.73,A,Z,0,41,0.516,23.73
Peace big leave culture table power.,Way middle cultural serve interview.,885,33.04,C,X,0,15,0.915,53.82
Thought hit ahead other nearly majority.,Beat protect benefit dark interest.,33,77.13,C,Y,0,91,0.484,18.62
Plan into now.,Happen late difference author successful almost strategy picture discuss data accept.,232,12.31,C,Z,1,10,0.224,40.02
So institution nearly sense.,Customer would base program move eat property first vote report.,45,77.41,D,Z,0,36,0.869,55.5
Week unit blood than animal.,Main this him relationship affect without spring set pass.,952,49.56,C,Y,0,61,0.736,68.41
Book red music consumer.,Partner of month they every.,337,76.44,C,Y,0,77,0.405,40.14
Yet owner rise head.,Enough main into security carry TV toward contain quickly artist.,150,24.26,A,Y,1,33,0.017,73.66
Own score choice show both save.,Opportunity about much decision particular.,332,34.88,B,Z,1,63,0.369,38.43
Technology include interview exist against.,Better you senior operation make expect local.,505,82.0,B,Y,1,15,0.321,48.62
Letter magazine piece gas recognize.,Line page church collection dark bag many provide.,67,89.52,D,Y,1,40,0.393,46.69
Alone war significant seek.,More use about structure foot simple final.,686,41.27,C,X,0,20,0.39,46.95
Democrat city Congress prepare fall traditional.,Must cell idea manage either make follow.,566,29.35,C,Z,0,62,0.477,63.09
Professional movie send color.,Where themselves range figure lose organization.,417,64.96,B,X,0,91,0.072,26.13
Couple current effort effort on.,Thing back group ok cut example there tough.,636,38.66,C,Z,1,37,0.959,28.36
Morning factor game war kitchen coach.,Debate explain foot draw seek born down and until garden.,735,66.28,B,Z,1,10,0.128,75.04
Total water strong indicate sign.,Describe billion likely each green.,456,30.45,A,Y,1,90,0.562,54.32
Study treatment no imagine nice nearly.,Happy now brother likely lay resource science.,552,38.93,A,Y,1,74,0.216,58.71
Line course many wish.,Rock call once card bill long.,968,51.96,D,Y,1,15,0.405,54.8
Any because future much.,Interview central continue everyone coach energy firm claim.,163,44.79,A,Z,1,41,0.036,43.27
Picture owner why body deep around.,Kind performance always analysis past hold deal matter.,315,23.09,A,Y,1,25,0.266,21.91
Nor know bad.,Seven improve shoulder American national minute officer happy part.,781,85.93,C,X,0,37,0.707,51.43
Successful vote weight meeting most.,Election floor pattern image receive final PM throughout college build almost.,26,79.79,D,Z,0,72,0.368,35.64
Perform sing and.,Firm while task design hot run partner west.,204,34.14,C,Z,0,52,0.997,32.93
Individual with management that.,Event as picture stay suggest watch key design.,296,85.07,A,Z,1,8,0.849,73.38
Event brother work.,Some reason organization outside rest.,573,35.15,A,Y,0,58,0.647,34.73
Very chair develop poor here then.,North policy behind century leader.,166,24.81,A,X,1,94,0.628,45.36
Another option Republican office girl yet.,Wife health provide rich wide question development cup me.,684,89.15,B,Z,0,25,0.117,60.33
With pay store simple.,Throw song character special right city mouth.,838,38.15,C,Z,0,86,0.591,60.02
Team doctor future maybe never.,Discussion bit son I win green others.,64,77.47,A,X,1,20,0.316,71.79
Find social wish cultural knowledge personal.,Majority agreement interview Congress often that fish week single site.,386,23.74,C,Y,1,44,0.965,50.42
Or affect rich stage ball.,Every war plan meeting late explain responsibility.,529,15.17,B,X,0,85,0.321,38.72
Answer again oil camera until.,Gun approach carry who always never wide statement recent soldier.,156,93.53,A,Y,1,53,0.913,62.71
Without kid difficult stop I.,Relate kitchen around media respond bring itself.,441,26.92,C,X,1,83,0.541,68.45
Example season son for hundred.,Message husband offer single approach media child look remember.,274,25.94,C,Z,1,25,0.728,31.58
Figure key approach.,Cover choose too throw Mr.,601,60.79,B,Z,0,71,0.156,68.79
Movement because court.,Answer religious source among play toward ahead personal.,696,27.68,D,X,1,37,0.494,59.74
Model two early radio discuss.,Understand fall hope language black much college effort want fast.,60,98.51,A,Z,1,46,0.077,38.89
Course thus mission administration ever.,Republican character less baby mind drive indicate with concern these.,932,23.33,C,Y,1,90,0.598,29.59
Nearly business difficult difference.,On member research house leave official during.,791,62.29,D,Z,1,87,0.614,60.56
Article law model couple reveal raise.,Rich political dog certainly offer everybody factor.,356,23.55,C,X,1,10,0.391,46.54
Economy idea region.,Member guy south animal nation north future attack.,835,81.83,D,X,0,81,0.722,55.06
Government media history program.,Music author wall offer beyond firm.,787,77.93,D,Z,0,98,0.724,30.29
Institution economic listen old together some.,Else your then party effect represent ok push just about.,82,14.79,D,X,0,65,0.703,48.86
Financial election population himself control.,Hand explain manager near.,674,72.65,A,Y,1,47,0.058,79.16
Daughter blood kid apply stay.,Owner cold notice upon bed body.,202,59.39,C,X,1,76,0.99,49.17
Poor wrong challenge little information theory.,Fire citizen picture good according sound.,75,24.63,A,Z,1,60,0.228,30.04
Cover treatment pretty.,Establish positive church short offer truth capital.,64,40.01,A,Y,1,9,0.257,42.33
But parent get where.,Put easy it natural song attorney hot property politics.,686,18.3,D,Z,0,17,0.014,71.89
Herself exist appear scene.,Exactly probably carry reduce east white.,814,93.92,C,Y,0,43,0.869,38.26
Join find nation least cover economy.,Myself meet major rather each dinner play.,321,14.25,A,X,0,36,0.907,48.66
Maybe ok fear because.,Spend follow system discover book eight while set.,840,16.08,D,Y,1,46,0.018,52.41
Statement upon direction product throughout create.,Song total tax minute be ahead success.,731,43.48,C,X,0,18,0.908,53.9
Hotel across personal part.,Next others religious than say reveal course will operation.,354,17.73,D,Z,1,40,0.095,34.07
Shoulder film successful table suffer.,Only force somebody good doctor.,856,40.14,B,Z,1,66,0.071,91.28
Ask born commercial.,Beyond news remain story conference late that.,524,96.83,D,Y,1,2,0.736,64.58
Whom none by down best add.,Better nor decide star bad clear court.,66,21.07,A,Y,0,50,0.536,45.73
Dog sport reason mean.,Quite might piece factor ahead physical political knowledge.,78,88.06,C,Y,0,46,0.488,78.7
Win bad reason east.,Level gas hundred relate always.,527,30.59,C,Z,1,61,0.671,29.77
Process son perhaps campaign.,Although perform us meeting understand entire build year style couple people.,978,78.84,B,X,1,26,1.0,66.42
New treat listen wear way then.,Meet tonight per face none everything environmental.,108,69.78,D,Y,0,86,0.885,46.28
Campaign wind magazine.,Marriage especially answer sport form someone debate factor up some.,707,89.33,A,X,1,92,0.744,49.03
Artist mother school believe.,Thus hour speech executive.,464,84.64,B,Y,1,72,0.907,54.72
Officer end personal third couple.,Project wear exactly hit money.,435,94.96,D,X,0,50,0.331,52.08
Show sign list program.,Already learn force production protect your very center religious play.,108,23.26,C,X,0,34,0.395,44.54
Apply look film must hold.,Thousand health keep name better make read husband.,292,76.44,D,X,1,51,0.125,44.35
Trade piece only middle me.,Process describe safe figure listen head.,712,87.17,C,Z,1,82,0.266,26.69
Senior change glass become seem yes.,Event be great stay probably.,553,59.6,A,Z,1,13,0.124,14.1
Subject them soldier task.,Factor current already color anyone off several cold tonight.,550,38.17,C,Z,0,19,0.046,21.02
Military Republican soon money.,Edge size front it fall thing adult glass drug small.,267,24.73,C,X,0,78,0.069,75.17
Exactly institution vote effort police.,Good whether exist record trial.,745,31.36,C,Y,0,17,0.263,43.1
About address produce wife.,Executive throughout now address similar country try.,837,36.92,A,X,1,96,0.052,42.69
Take member action pull true teacher.,College study news without father sing source nearly us.,700,60.29,C,Z,0,85,0.658,9.77
Language however option live mother word.,Teacher speech full seem key page program.,702,27.46,D,Y,1,63,0.327,65.94
Base decade staff score window.,Southern offer condition describe measure enter.,429,90.13,D,Y,1,0,0.566,43.53
Remember three future these green action.,Include lay decade perform around.,500,25.97,D,Y,1,63,0.925,76.89
Agreement everyone heart key why factor.,Enough rest spend available relationship maybe.,116,70.26,B,X,0,9,0.4,58.32
Something window various.,Road son actually item or southern expect.,277,53.48,A,Z,1,31,0.397,19.28
Beyond stage audience.,Party write account writer effort.,635,45.99,D,X,0,98,0.166,30.67
Reason professional series another customer far.,Low still part common also night story.,551,71.41,B,Y,0,49,0.903,30.06
Mrs wish impact myself.,Else including chance part time especially he.,318,11.23,A,X,0,44,0.615,56.37
Explain especially must economic store main.,Work consider interest week do source gas generation agency drive.,912,83.85,A,X,1,3,0.135,78.04
Cup image garden.,Lose none use like baby open story size want war candidate.,7,49.04,C,Y,0,58,0.701,68.24
Little population can.,President participant benefit director morning west lot human feeling some.,504,47.2,B,X,1,15,0.939,62.65
Though civil beyond name simple.,Water oil pretty help.,419,42.37,D,X,1,28,0.216,32.09
After staff need what hair team.,Fall its traditional put heart common always.,192,64.68,A,Y,1,2,0.57,19.03
Than thousand environmental.,Week forward police draw nation former health baby.,629,56.14,B,Y,0,20,0.166,59.33
Get range know start.,Already hold subject once late begin.,717,30.5,A,X,0,10,0.745,62.88
Wife activity miss research later though.,Standard hour manage stuff life quite.,103,96.17,A,Z,1,31,0.017,44.18
Mention claim bring common bill general.,Have win make Mr.,847,61.65,D,Y,1,63,0.642,34.6
Score popular describe.,Reflect two our feeling door as left.,836,51.23,A,Z,0,62,0.671,29.17
How would than force production speech.,Peace meeting happen wish institution several voice spring follow.,955,31.5,C,Y,0,55,0.454,55.58
Response international lead north.,Wife goal mouth under although take maintain thousand value cost.,993,32.39,B,Y,0,85,0.472,63.06
Hit system what friend news art.,Drug property season data set film study step line.,252,15.88,D,X,0,22,0.091,54.77
Dark interview food manager like rest.,Prevent help reduce others however red day.,850,41.84,B,Y,1,74,0.965,77.41
Little safe ball.,Either weight Mrs seven ever continue leave five work.,212,18.65,A,Z,1,86,0.733,64.41
Strategy tax mention though.,Phone generation stuff money south opportunity throughout radio.,956,20.28,A,Z,0,46,0.781,32.85
About perform common claim staff.,End available pattern data center add billion figure.,758,50.49,A,Y,1,27,0.803,30.24
Want recent movie.,Know behavior heart room such perform.,456,83.19,B,X,0,46,0.558,43.63
